"model_id","wis","ae_median","interval_coverage_50","interval_coverage_95","n"
"epiENGAGE-Copycat",0.0623015407269821,0.0932338550934818,0.88,1,125
"epiENGAGE-GBQR",0.0519075251728041,0.106602447969479,0.36,0.98,125
"epiENGAGE-INFLAenza",0.0708182708401922,0.108129145522746,0.84,1,100
"epiENGAGE-baseline",0.152354051217885,0.1966,0.72,1,125
"epiENGAGE-ensemble_mean",0.0638025297127553,0.0953800875818861,0.82,1,80
"epiENGAGE-lop_norm",0.0639397181108238,0.0939135476375127,0.78,1,80
"epiforecasts-dyngam",0.0696972970913889,0.10250413,0.96,1,150
