"model_id","wis_scaled_relative_skill","wis","ae_median_scaled_relative_skill","ae_median","interval_coverage_50","interval_coverage_95","n"
"epiENGAGE-Copycat",0.41386801177482,20.2367592592593,0.441156577612445,43.4833333333333,0.45,0.933333333333333,150
"epiENGAGE-GBQR",0.65407695014779,31.9821716116903,0.571408534977982,56.3218345976631,0.283333333333333,0.733333333333333,150
"epiENGAGE-INFLAenza",0.620474323470611,30.3391157407407,0.470578288806223,46.3833333333333,0.683333333333333,0.95,120
"epiENGAGE-baseline",1,48.8966498581915,1,98.5666666666667,0.416666666666667,1,120
"epiENGAGE-ensemble_mean",0.552682043105914,27.0243003446598,0.559010797789762,55.0998309688109,0.466666666666667,0.966666666666667,126
"epiENGAGE-lop_norm",0.553018584459955,27.0407560894111,0.546431844238337,53.8599654470921,0.466666666666667,0.983333333333333,126
"epiforecasts-dyngam",0.517221349050499,25.2903912037037,0.522658099425093,51.5166666666667,0.616666666666667,0.983333333333333,150
